first_name,last_name,address,gender
Lola,Debold,ldebold0@ask.com,Bigender
Giselbert,Kahane,gkahane1@disqus.com,Male
Prissie,Runge,prunge2@typepad.com,Genderqueer
Lavena,Cargenven,lcargenven3@webs.com,Genderqueer
Ewart,Cannaway,ecannaway4@uol.com.br,Male
Rowe,Haughton,rhaughton5@go.com,Female
Efren,McQuaide,emcquaide6@cam.ac.uk,Male
Ray,Tschersich,rtschersich7@weibo.com,Male
Boniface,Whyffen,bwhyffen8@columbia.edu,Male
Cody,Sim,csim9@google.co.jp,Male
